CREATE TABLE TB_PUBLISHER(
    PUB_NO NUMBER CONSTRAINT PUBLISHER_PK PRIMARY KEY,
    PUB_NAME VARCHAR2(30) CONSTRAINT PUBLISHER_NN NOT NULL,
    PHONE VARCHAR(20)
);

COMMENT ON COLUMN TB_PUBLISHER.PUB_NO IS '출판사번호';
COMMENT ON COLUMN TB_PUBLISHER.PUB_NAME IS '출판사이름';
COMMENT ON COLUMN TB_PUBLISHER.PHONE IS '출판사전화번호';

SELECT * FROM TB_PUBLISHER;

INSERT INTO TB_PUBLISHER
VALUES(1, '서울문학사', '0311141114');

INSERT INTO TB_PUBLISHER
VALUES(2, '한빛미디어', '0312227777');

INSERT INTO TB_PUBLISHER
VALUES(3,  '도우출판', '0327894561');

CREATE TABLE TB_BOOK(
BK_NO NUMBER CONSTRAINT BOOK_PK PRIMARY KEY,
BK_TITLE VARCHAR2(20) CONSTRAINT BOOK_NN_TITLE NOT NULL,
BK_AUTHOR VARCHAR2(20) CONSTRAINT BOOK_NN_AUTHOR NOT NULL,
BK_PRICE NUMBER,
BK_STOCK NUMBER DEFAULT 1,
BK_PUB_NO NUMBER CONSTRAINT BOOK_FK REFERENCES TB_PUBLISHER ON DELETE CASCADE
);

SELECT * FROM TB_BOOK;

COMMENT ON COLUMN TB_BOOK.BK_NO IS '책번호';
COMMENT ON COLUMN TB_BOOK.BK_TITLE IS '책제목';
COMMENT ON COLUMN TB_BOOK.BK_AUTHOR IS '저자';
COMMENT ON COLUMN TB_BOOK.BK_PRICE IS '책가격';
COMMENT ON COLUMN TB_BOOK.BK_STOCK IS '책재고';
COMMENT ON COLUMN TB_BOOK.BK_PUB_NO IS '책출판사번호';

INSERT INTO TB_BOOK 
VALUES(001, '아따맘마', '보노보노', 9900, 5, 3);

INSERT INTO TB_BOOK 
VALUES(002, '학원', '최승협', 8500, 10, 2);

INSERT INTO TB_BOOK 
VALUES(003, '재벌', '송중지', 15900, 30, 1);

INSERT INTO TB_BOOK 
VALUES(004, '왕꽃나무꾼님', '직녀', 12000, 15, 1);

INSERT INTO TB_BOOK 
VALUES(005, '우리', '오은영', 33000, 25, 3);


CREATE TABLE TB_MEMBER(
    MEMBER_NO NUMBER PRIMARY KEY,
    MEMBER_ID VARCHAR2(30) CONSTRAINT MEMBER_UQ UNIQUE,
    MEMBER_PWD VARCHAR2(30) CONSTRAINT MEMBER_NN_PWD NOT NULL,
    MEMBER_NAME VARCHAR2(30) CONSTRAINT MEMBER_NN_NAME NOT NULL,
    GENDER CHAR(1) CONSTRAINT MEMBER_CK_GEN CHECK(GENDER IN ('M','F')),
    ADDRESS VARCHAR2(50),
    PHONE VARCHAR2(20),
    STATUS CHAR(1) DEFAULT 'N' CONSTRAINT MEMBER_CK_STA CHECK(STATUS IN ('Y','N')),
    ENROLL_DATE DATE DEFAULT SYSDATE CONSTRAINT MEMBER_NN_EN NOT NULL
);

COMMENT ON COLUMN TB_MEMBER.MEMBER_NO IS '회원번호';
COMMENT ON COLUMN TB_MEMBER.MEMBER_ID IS '회원아이디';
COMMENT ON COLUMN TB_MEMBER.MEMBER_PWD IS '회원비밀번호';
COMMENT ON COLUMN TB_MEMBER.MEMBER_NAME IS '회원이름';
COMMENT ON COLUMN TB_MEMBER.GENDER IS '회원성별';
COMMENT ON COLUMN TB_MEMBER.ADDRESS IS '회원주소';
COMMENT ON COLUMN TB_MEMBER.PHONE IS '회원전화번호';
COMMENT ON COLUMN TB_MEMBER.STATUS IS '회원가입여부';
COMMENT ON COLUMN TB_MEMBER.ENROLL_DATE IS '회원가입일자';

INSERT INTO TB_MEMBER
VALUES(01, 'samsungjoa', 'samsungsarang', '김삼엽', 'F', '경기도 구리시', '01033334444', DEFAULT, DEFAULT);

INSERT INTO TB_MEMBER
VALUES(02, 'steve_jobs', 'applemansei', '스티브잡스', 'M', '경기도 성남시', '01066667777', 'Y', '22/11/11');

INSERT INTO TB_MEMBER
VALUES(03, 'xiaomizzang', 'woshizhonguoren', '마윈', 'M', '경기도 인천시', '01088882222', DEFAULT, '21/10/10');

INSERT INTO TB_MEMBER
VALUES(04, 'bonobono', 'nanunsudal', '보노보노', 'F', '경기도 오산시', '01099996666', 'Y', '22/8/8');

INSERT INTO TB_MEMBER
VALUES(05, 'zzanggu', 'shinosuke', '신짱구', 'M', '경기도 떡잎시', '01055005500', DEFAULT, DEFAULT);

INSERT 
    INTO TB_MEMBER
        (
          MEMBER_NO
        , MEMBER_ID
        , MEMBER_PWD
        , MEMBER_NAME
        , GENDER
        , ADDRESS
        , PHONE
        )
    VALUES
        (
        06
        , 'naruto'
        , 'sasuke'
        , '나룻터'
        , 'F'
        , '경기도 나뭇잎마을'
        , '01055995544'
        );

CREATE TABLE TB_RENT(
    RENT_NO NUMBER CONSTRAINT RENT_PK PRIMARY KEY,
    RENT_MEM_NO NUMBER CONSTRAINT RENT_FK_MEM REFERENCES TB_MEMBER ON DELETE SET NULL,
    RENT_BOOK_NO NUMBER CONSTRAINT RENT_FK_BOOK REFERENCES TB_BOOK ON DELETE SET NULL,
    RENT_DATE DATE DEFAULT SYSDATE
);

INSERT INTO TB_RENT
VALUES(0001, 01, 002, DEFAULT);

INSERT INTO TB_RENT
VALUES(0002, 04, 001, '22/12/01');

INSERT INTO TB_RENT
VALUES(0003, 03, 003, '22/11/30');

SELECT MEMBER_NAME, MEMBER_ID, RENT_DATE, RENT_DATE + 7
FROM TB_MEMBER
JOIN TB_RENT ON (RENT_MEM_NO = MEMBER_NO)
WHERE RENT_BOOK_NO = 002;